00000000000000000001,Andi,andi,mimimi,andi@ymail.com,ITB,Fakultas Ilmu Sosial dan Ilmu Politik
00000000000000000002,Akari,akari,peinakatsuki,akari@ymail.com,ITB,Fakultas Kedokteran Gigi
00000000000000000003,Bella,bella,basdatlelah,bella@gmail.com,Gunadarma,Fakultas Hukum
00000000000000000004,Charlie,charlie,desudesu,charlie@gmail.com,ITB,Fakultas Matematika dan Ilmu Pengetahuan Alam
00000000000000000005,Dave,dave,haleltadsab,dave@gmail.com,UI,Fakultas Ilmu Keperawatan
00000000000000000006,Ernie,ernie,gogogo,ernie@gmail.com,UI,Fakultas Matematika dan Ilmu Pengetahuan Alam
00000000000000000007,Finn,finn,basdatlelah,finn@hotmail.com,Gunadarma,Fakultas Psikologi
00000000000000000008,Gerald,gerald,akurapopo,gerald@ymail.com,Gunadarma,Fakultas Ilmu Komputer
00000000000000000009,Hillary,hillary,lebahganteng,hillary@gmail.com,Gunadarma,Fakultas Ilmu Sosial dan Ilmu Politik
00000000000000000010,Ivan,ivan,arararararagi,ivan@hotmail.com,UGM,Fakultas Ilmu Sosial dan Ilmu Politik
00000000000000000011,Jake,jake,desudesu,jake@ymail.com,UI,Fakultas Ilmu Keperawatan
00000000000000000012,Karen,karen,akurapopo,karen@ymail.com,UI,Fakultas Psikologi
00000000000000000013,Kyoko,kyoko,haleltadsab,kyoko@hotmail.com,UI,Fakultas Ilmu Sosial dan Ilmu Politik
00000000000000000014,Lulu,lulu,haleltadsab,lulu@hotmail.com,Gunadarma,Fakultas Matematika dan Ilmu Pengetahuan Alam
00000000000000000015,Minh,minh,arararararagi,minh@gmail.com,UI,Fakultas Ilmu Komputer
00000000000000000016,Neil,neil,desudesu,neil@gmail.com,ITB,Fakultas Ilmu Keperawatan
00000000000000000017,Nozomi,nozomi,desudesu,nozomi@hotmail.com,UI,Fakultas Matematika dan Ilmu Pengetahuan Alam
00000000000000000018,Oprah,oprah,gogogo,oprah@ymail.com,ITB,Fakultas Matematika dan Ilmu Pengetahuan Alam
00000000000000000019,Popuri,popuri,mimimi,popuri@hotmail.com,UGM,Fakultas Ilmu Administrasi
00000000000000000020,Quinn,quinn,peinakatsuki,quinn@hotmail.com,UGM,Fakultas Kedokteran
00000000000000000021,Raisa,raisa,lebahganteng,raisa@ymail.com,Gunadarma,Fakultas Ilmu Pengetahuan Budaya
00000000000000000022,Seth,seth,minnahappy,seth@gmail.com,UGM,Fakultas Ilmu Administrasi
00000000000000000023,Tony,tony,minnahappy,tony@ymail.com,UI,Fakultas Hukum
00000000000000000024,Ui,ui,akurapopo,ui@ymail.com,Gunadarma,Fakultas Hukum
00000000000000000025,Vinny,vinny,gogogo,vinny@ymail.com,ITB,Fakultas Psikologi
00000000000000000026,Wanda,wanda,peinakatsuki,wanda@gmail.com,UGM,Fakultas Kedokteran Gigi
00000000000000000027,Xavier,xavier,lebahganteng,xavier@gmail.com,ITB,Fakultas Kesehatan Masyarakat
00000000000000000028,Yogi,yogi,akurapopo,yogi@ymail.com,Gunadarma,Fakultas Teknik
00000000000000000029,Zed,zed,minnahappy,zed@gmail.com,ITB,Fakultas Matematika dan Ilmu Pengetahuan Alam
00000000000000000030,Zelda,zelda,lebahganteng,zelda@gmail.com,UGM,Fakultas Ilmu Administrasi
