0000000001,Akane,akane,peinakatsuki,akane@gmail.com
0000000002,Akbar,akbar,peinakatsuki,akbar@hotmail.com
0000000003,Akira,akira,lebahganteng,akira@ymail.com
0000000004,Bill,bill,akurapopo,bill@ymail.com
0000000005,Barney,barney,peinakatsuki,barney@hotmail.com
0000000006,Bakrie,bakrie,mimimi,bakrie@ymail.com
0000000007,Clinton,clinton,gogogo,clinton@gmail.com
0000000008,Colin,colin,basdatlelah,colin@hotmail.com
0000000009,Chuck,chuck,mimimi,chuck@ymail.com
0000000010,Clarkson,clarkson,lebahganteng,clarkson@hotmail.com
0000000011,Donald,donald,minnahappy,donald@gmail.com
0000000012,Dean,dean,akurapopo,dean@gmail.com
0000000013,Eka,eka,minnahappy,eka@hotmail.com
0000000014,Eri,eri,desudesu,eri@hotmail.com
0000000015,Erikka,erikka,minnahappy,erikka@gmail.com
0000000016,Fira,fira,gogogo,fira@ymail.com
0000000017,Frieska,frieska,lebahganteng,frieska@hotmail.com
0000000018,Galuh,galuh,akurapopo,galuh@hotmail.com
0000000019,Gary,gary,minnahappy,gary@gmail.com
0000000020,Hank,hank,mimimi,hank@ymail.com
0000000021,Hana,hana,arararararagi,hana@ymail.com
0000000022,Harvey,harvey,desudesu,harvey@ymail.com
0000000023,Irfan,irfan,desudesu,irfan@hotmail.com
0000000024,Ian,ian,basdatlelah,ian@ymail.com
0000000025,Ivana,ivana,desudesu,ivana@hotmail.com
0000000026,Jolie,jolie,mimimi,jolie@hotmail.com
0000000027,Julius,julius,gogogo,julius@hotmail.com
0000000028,Joe,joe,mimimi,joe@gmail.com
0000000029,Jeremy,jeremy,basdatlelah,jeremy@gmail.com
0000000030,James,james,haleltadsab,james@hotmail.com
0000000031,Kenny,kenny,akurapopo,kenny@hotmail.com
0000000032,Kotori,kotori,basdatlelah,kotori@gmail.com
0000000033,Kelly,kelly,haleltadsab,kelly@gmail.com
0000000034,Kevin,kevin,desudesu,kevin@hotmail.com
0000000035,Latifa,latifa,lebahganteng,latifa@ymail.com
0000000036,Lester,lester,basdatlelah,lester@gmail.com
0000000037,Moe,moe,akurapopo,moe@gmail.com
0000000038,Max,max,peinakatsuki,max@ymail.com
0000000039,Minori,minori,akurapopo,minori@hotmail.com
0000000040,Norris,norris,minnahappy,norris@gmail.com
0000000041,Nana,nana,minnahappy,nana@gmail.com
0000000042,Nina,nina,lebahganteng,nina@hotmail.com
0000000043,Orville,orville,arararararagi,orville@ymail.com
0000000044,Oliver,oliver,desudesu,oliver@hotmail.com
0000000045,Ortelli,ortelli,peinakatsuki,ortelli@hotmail.com
0000000046,Perry,perry,minnahappy,perry@ymail.com
0000000047,Patrick,patrick,minnahappy,patrick@gmail.com
0000000048,Pipo,pipo,lebahganteng,pipo@hotmail.com
0000000049,Quintin,quintin,basdatlelah,quintin@ymail.com
0000000050,Reza,reza,arararararagi,reza@hotmail.com
0000000051,Regina,regina,haleltadsab,regina@ymail.com
0000000052,Rambo,rambo,basdatlelah,rambo@ymail.com
0000000053,Steve,steve,akurapopo,steve@gmail.com
0000000054,Scott,scott,basdatlelah,scott@ymail.com
0000000055,Sena,sena,arararararagi,sena@gmail.com
0000000056,Tim,tim,arararararagi,tim@ymail.com
0000000057,Troy,troy,basdatlelah,troy@ymail.com
0000000058,Toby,toby,desudesu,toby@ymail.com
0000000059,Vladimir,vladimir,desudesu,vladimir@ymail.com
0000000060,Vina,vina,desudesu,vina@ymail.com
0000000061,Via,via,arararararagi,via@ymail.com
0000000062,Waldo,waldo,minnahappy,waldo@hotmail.com
0000000063,Wahaha,wahaha,peinakatsuki,wahaha@hotmail.com
0000000064,Xander,xander,desudesu,xander@ymail.com
0000000065,Yana,yana,desudesu,yana@hotmail.com
0000000066,Yahya,yahya,lebahganteng,yahya@hotmail.com
0000000067,Yakali,yakali,desudesu,yakali@gmail.com
0000000068,Zolla,zolla,lebahganteng,zolla@gmail.com
0000000069,Zine,zine,arararararagi,zine@gmail.com
0000000070,Zuckenberg,zuckenberg,basdatlelah,zuckenberg@hotmail.com
