0000000001,Dasar Dasar Pemrograman , 0000000017
0000000002,Fisika Dasar 1 , 0000000003
0000000003,Matematika Diskret 1 , 0000000024
0000000004,SDA , 0000000025
0000000005,Matematika Dasar 1 , 0000000038
0000000006,Basis Data , 0000000037
0000000007,Aljabar Linear , 0000000011
0000000008,Matematika Diskret 2 , 0000000007
0000000009,Administrasi Bisnis , 0000000004
0000000010,Fisika Dasar 2 , 0000000024
0000000011,Pengantar Sistem Dijital , 0000000004
0000000012,Statistika & Probabilitas , 0000000039
0000000013,Perancangan & Pemrograman Web , 0000000011
0000000014,Pengantar Organisasi Komputer , 0000000007
0000000015,Matematika Dasar 2 , 0000000029
0000000016,Sistem Operasi , 0000000026
0000000017,Teori Bahasa & Automata , 0000000007
0000000018,Pemrograman Deklaratif , 0000000010
0000000019,Rekayasa Perangkat Lunak , 0000000032
0000000020,Pemrograman Sistem , 0000000021
0000000021,Sistem Cerdas , 0000000015
0000000022,Jaringan Komputer , 0000000005
0000000023,Analisis Numerik , 0000000028
0000000024,Desain & Analisis Algoritma , 0000000017
0000000025,Proyek Perangkat Lunak , 0000000034
0000000026,Kerja Praktik , 0000000013
0000000027,Komputer & Masyarakat , 0000000028
0000000028,Pemrograman Konkuren & Parallel , 0000000026
0000000029,Organisasi Sistem Komputer , 0000000036
0000000030,Embedded Systems , 0000000003
0000000031,Teori Informasi , 0000000036
0000000032,Teknik Kompilator , 0000000014
0000000033,Kriptografi & Keamanan Informasi , 
0000000034,Layanan & Aplikasi Web , 
0000000035,Pengolahan Sinyal Dijital , 0000000008
0000000036,Sistem Terdistribusi , 0000000003
0000000037,Ubiquitous & Net-Centric Computing , 0000000003
0000000038,Robotika , 0000000015
0000000039,Rancangan Sistem Dijital , 0000000009
0000000040,Teknologi Mobile , 0000000014
